entity_id,canonical_name,aliases,source_records,suggested_canonical,reason
Drug::3d方案,3D方案,3D|3D方案,2,,pseudo_drug_like
Drug::5ht再摄取抑制剂,5-HT再摄取抑制剂,5-HT再摄取抑制剂,1,,pseudo_drug_like
Drug::5羟色胺3受体拮抗剂,5-羟色胺3受体拮抗剂,5-羟色胺3受体拮抗剂,1,,pseudo_drug_like
Drug::5羟色胺再摄取抑制剂,5-羟色胺再摄取抑制剂,5-羟色胺再摄取抑制剂,1,,pseudo_drug_like
Drug::5羟色胺去甲肾上腺素再摄取抑制剂,5-羟色胺去甲肾上腺素再摄取抑制剂,5-羟色胺去甲肾上腺素再摄取抑制剂,1,,pseudo_drug_like
Drug::ace抑制剂,ACE抑制剂,ACE制剂|ACE抑制剂,4,,pseudo_drug_like
Drug::ace转化酶抑制剂,ACE转化酶抑制剂,ACE转化酶抑制剂,2,,pseudo_drug_like
Drug::cdk46抑制剂,CDK4/6抑制剂,CDK4/6抑制剂,2,,pseudo_drug_like
Drug::chop方案,CHOP方案,CHOP方案,1,,pseudo_drug_like
Drug::cyp1a2,CYP1A2,CYP1A2,1,,pseudo_drug_like
Drug::cyp2b6,CYP2B6,CYP2B6,2,,pseudo_drug_like
Drug::cyp2c19,CYP2C19,CYP2C19,2,,pseudo_drug_like
Drug::cyp2c8,CYP2C8,CYP2C8,1,,pseudo_drug_like
Drug::cyp2c9,CYP2C9,CYP2C9,4,,pseudo_drug_like
Drug::cyp2d6,CYP2D6,CYP2D6,4,,pseudo_drug_like
Drug::cyp2d6抑制剂,CYP2D6抑制剂,CYP2D6抑制剂,1,,pseudo_drug_like
Drug::cyp3a,CYP3A,CYP3A,2,,pseudo_drug_like
Drug::cyp3a4,CYP3A4,CYP3A4,14,,pseudo_drug_like
Drug::cyp3a4强抑制剂,CYP3A4强抑制剂,CYP3A4强抑制剂,1,,pseudo_drug_like
Drug::cyp3a4抑制剂,CYP3A4抑制剂,CYP3A4抑制剂,1,,pseudo_drug_like
Drug::cyp3a4酶,CYP3A4酶,CYP3A4酶,1,,pseudo_drug_like
Drug::cyp3a5,CYP3A5,CYP3A5,1,,pseudo_drug_like
Drug::cyp450酶,CYP450酶,CYP450酶,1,,pseudo_drug_like
Drug::cyp450酶底物药物,CYP450酶底物药物,CYP450酶底物药物,1,,pseudo_drug_like
Drug::dpp4抑制剂,DPP-4 抑制剂,DPP-4 抑制剂|DPP-4抑制剂,2,,pseudo_drug_like
Drug::gaba抑制剂,GABA抑制剂,GABA抑制剂,1,,pseudo_drug_like
Drug::glp1受体激动剂,GLP-1受体激动剂,GLP-1受体激动剂,1,,pseudo_drug_like
Drug::h1受体拮抗剂,H1受体拮抗剂,H1受体拮抗剂,31,,pseudo_drug_like
Drug::h1拮抗剂,H1拮抗剂,H1拮抗剂,2,,pseudo_drug_like
Drug::h1组胺受体激动剂,H1组胺受体激动剂,H1组胺受体激动剂,1,,pseudo_drug_like
Drug::h2受体抑制剂,H2受体抑制剂,H2受体抑制剂,31,,pseudo_drug_like
Drug::h2受体拮抗剂,H2受体拮抗剂,H2受体拮抗剂|H2拮抗剂,3,,pseudo_drug_like
Drug::h2受体阻滞剂,H2受体阻滞剂,H2受体阻滞剂,31,,pseudo_drug_like
Drug::hiv蛋白酶抑制剂,HIV蛋白酶抑制剂,HIV蛋白酶抑制剂,3,,pseudo_drug_like
Drug::hmgcoa还原酶抑制剂,HMG-COA还原酶抑制剂,HMG-COA还原酶抑制剂,1,,pseudo_drug_like
Drug::maob抑制剂,MAO-B抑制剂,MAO-B抑制剂,1,,pseudo_drug_like
Drug::oatp1b1抑制剂,OATP1B1抑制剂,OATP1B1抑制剂,1,,pseudo_drug_like
Drug::oatp1b3抑制剂,OATP1B3抑制剂,OATP1B3抑制剂,1,,pseudo_drug_like
Drug::pgp,P-gp,P-gp,5,,pseudo_drug_like
Drug::pgp抑制剂,P-gp抑制剂,P-gp抑制剂,2,,pseudo_drug_like
Drug::parp抑制剂,PARP抑制剂,PARPi|PARP抑制剂,1,,pseudo_drug_like
Drug::pcsk9抑制剂,PCSK9抑制剂,PCSK9抑制剂,1,,pseudo_drug_like
Drug::pd1抑制剂,PD-1抑制剂,PD-1抑制剂|程序性死亡受体1抑制剂,1,,pseudo_drug_like
Drug::sglt2抑制剂,SGLT-2抑制剂,SGLT-2抑制剂,1,,pseudo_drug_like
Drug::vegf抑制剂,VEGF抑制剂,VEGF抑制剂|血管内皮生长因子抑制剂,1,,pseudo_drug_like
Drug::α受体阻滞剂,α-受体阻滞剂,α-受体阻滞剂,1,,pseudo_drug_like
Drug::β受体阻滞剂,β-受体阻滞剂,β 受体阻滞剂|β-受体阻滞剂|β受体阻滞剂,10,,pseudo_drug_like
Drug::β2阻滞剂,β2阻滞剂,β2阻滞剂,1,,pseudo_drug_like
Drug::β受体拮抗剂,β受体拮抗剂,β受体拮抗剂,3,,pseudo_drug_like
Drug::β阻滞剂,β阻滞剂,β-阻滞剂|β阻滞剂,7,,pseudo_drug_like
Drug::丁咯地尔口服制剂,丁咯地尔口服制剂,丁咯地尔口服制剂,1,,pseudo_drug_like
Drug::丹参制剂,丹参制剂,丹参制剂,2,,pseudo_drug_like
Drug::人参制剂,人参制剂,人参制剂,2,,pseudo_drug_like
Drug::免疫抑制剂,免疫抑制剂,免疫抑制剂|抑制免疫反应的药物,9,,pseudo_drug_like
Drug::免疫检查点抑制剂,免疫检查点抑制剂,免疫检查点抑制剂,2,,pseudo_drug_like
Drug::其他铋制剂,其他铋制剂,其他铋制剂,1,,pseudo_drug_like
Drug::利托那韦增强的蛋白酶抑制剂,利托那韦增强的蛋白酶抑制剂,利托那韦增强的蛋白酶抑制剂,2,,pseudo_drug_like
Drug::单胺氧化酶抑制剂,单胺氧化酶抑制剂,MAOI|MAOIs|单氨氧化酶抑制剂|单胺氧化酶抑制剂|单胺氧化酶抑制剂(MAOI),29,,pseudo_drug_like
Drug::双黄连制剂,双黄连制剂,双黄连制剂,1,,pseudo_drug_like
Drug::口服青霉素制剂,口服青霉素制剂,口服青霉素制剂,1,,pseudo_drug_like
Drug::含乙醇制剂,含乙醇制剂,含乙醇制剂,1,,pseudo_drug_like
Drug::含汞水银制剂,含汞水银制剂,含汞（水银）制剂,2,,pseudo_drug_like
Drug::含脱屑药制剂,含脱屑药制剂,含脱屑药制剂,1,,pseudo_drug_like
Drug::含藜芦制剂,含藜芦制剂,含藜芦制剂,1,,pseudo_drug_like
Drug::含酒精的制剂,含酒精的制剂,含酒精的制剂,2,,pseudo_drug_like
Drug::含钙制剂,含钙制剂,含钙制剂,1,,pseudo_drug_like
Drug::含铋制剂,含铋制剂,含铋制剂,1,,pseudo_drug_like
Drug::含锂制剂,含锂制剂,含锂制剂,3,,pseudo_drug_like
Drug::含锌多种维生素制剂,含锌多种维生素制剂,含锌多种维生素制剂|含锌的多种维生素制剂,1,,pseudo_drug_like
Drug::含锌的多种维生秦制剂,含锌的多种维生秦制剂,含锌的多种维生秦制剂,1,,pseudo_drug_like
Drug::含锌的多种维生素制剂,含锌的多种维生素制剂,含锌的多种维生素制剂,1,,pseudo_drug_like
Drug::含镁制剂,含镁制剂,含镁制剂,1,,pseudo_drug_like
Drug::含麻黄的制剂,含麻黄的制剂,含麻黄的制剂,2,,pseudo_drug_like
Drug::坎格列净与二甲双胍复方制剂,坎格列净与二甲双胍复方制剂,坎格列净与二甲双胍复方制剂,1,,pseudo_drug_like
Drug::增强型蛋白酶抑制剂,增强型蛋白酶抑制剂,增强型蛋白酶抑制剂,2,,pseudo_drug_like
Drug::复方二甲硅油制剂,复方二甲硅油制剂,复方二甲硅油制剂,1,,pseudo_drug_like
Drug::多价阳离子制剂,多价阳离子制剂,多价阳离子制剂,1,,pseudo_drug_like
Drug::多巴胺受体激动剂,多巴胺受体激动剂,多巴胺受体激动剂,2,,pseudo_drug_like
Drug::多种维生素制剂,多种维生素制剂,多种维生素制剂,1,,pseudo_drug_like
Drug::小剂量孕酮制剂,小剂量孕酮制剂,小剂量孕酮制剂,1,,pseudo_drug_like
Drug::尼古丁替代疗法,尼古丁替代疗法,尼古丁替代疗法,3,,pseudo_drug_like
Drug::屋尘螨变应原制剂,屋尘螨变应原制剂,屋尘螨变应原制剂,3,,pseudo_drug_like
Drug::山楂制剂,山楂制剂,山楂制剂,2,,pseudo_drug_like
Drug::抗组胺制剂,抗组胺制剂,抗组胺制剂,1,,pseudo_drug_like
Drug::抗肿瘤坏死因子α制剂,抗肿瘤坏死因子α制剂,抗肿瘤坏死因子α制剂,1,,pseudo_drug_like
Drug::抗逆转录病毒疗法,抗逆转录病毒疗法,抗逆转录病毒疗法,2,,pseudo_drug_like
Drug::抗酸铝制剂,抗酸铝制剂,抗酸铝制剂,1,,pseudo_drug_like
Drug::整合酶抑制剂,整合酶抑制剂,整合酶抑制剂,2,,pseudo_drug_like
Drug::氢氧化铝制剂,氢氧化铝制剂,氢氧化铝制剂,1,,pseudo_drug_like
Drug::水杨酸制剂,水杨酸制剂,水杨酸制剂,2,,pseudo_drug_like
Drug::水杨酸盐制剂,水杨酸盐制剂,水杨酸盐制剂,4,,pseudo_drug_like
Drug::汞制剂,汞制剂,汞制剂,1,,pseudo_drug_like
Drug::注射用钙制剂,注射用钙制剂,注射用钙制剂,4,,pseudo_drug_like
Drug::注射铁制剂,注射铁制剂,注射铁制剂,1,,pseudo_drug_like
Drug::洋地黄制剂,洋地黄制剂,洋地黄制剂,6,,pseudo_drug_like
Drug::活菌制剂,活菌制剂,活菌制剂,1,,pseudo_drug_like
Drug::消化酶类制剂,消化酶类制剂,消化酶类制剂,4,,pseudo_drug_like
Drug::环孢素软胶囊自微乳化制剂,环孢素软胶囊自微乳化制剂,环孢素软胶囊(自微乳化制剂),2,,pseudo_drug_like
Drug::甘草类制剂,甘草类制剂,甘草类制剂,1,,pseudo_drug_like
Drug::甘草酸制剂,甘草酸制剂,甘草酸制剂,1,,pseudo_drug_like
Drug::碘制剂,碘制剂,碘制剂,2,,pseudo_drug_like
Drug::碳酸酐酶抑制剂,碳酸酐酶抑制剂,碳酸酐酶抑制剂,3,,pseudo_drug_like
Drug::磷制剂,磷制剂,磷制剂,1,,pseudo_drug_like
Drug::磷结合型制剂,磷结合型制剂,磷结合型制剂,1,,pseudo_drug_like
Drug::磷结合性制剂,磷结合性制剂,磷结合性制剂,2,,pseudo_drug_like
Drug::神经肌肉阻滞剂,神经肌肉阻滞剂,神经肌肉阻滞剂,4,,pseudo_drug_like
Drug::神经节阻滞剂,神经节阻滞剂,神经节阻滞剂,3,,pseudo_drug_like
Drug::神经阻滞剂,神经阻滞剂,神经阻滞剂,1,,pseudo_drug_like
Drug::穿心莲制剂,穿心莲制剂,穿心莲制剂,1,,pseudo_drug_like
Drug::糖蛋白iibiiia拮抗剂,糖蛋白IIb/IIIa拮抗剂,糖蛋白IIb/IIIa拮抗剂,1,,pseudo_drug_like
Drug::维生素d制剂,维生素D制剂,维生素D制剂,1,,pseudo_drug_like
Drug::维生素d及其衍生物制剂,维生素D及其衍生物制剂,维生素D及其衍生物制剂,1,,pseudo_drug_like
Drug::维生素k拮抗剂,维生素K拮抗剂,维生素K拮抗剂,1,,pseudo_drug_like
Drug::肾上腺受体阻滞剂,肾上腺受体阻滞剂,肾上腺受体阻滞剂,1,,pseudo_drug_like
Drug::肾上腺能神经阻滞剂,肾上腺能神经阻滞剂,肾上腺能神经阻滞剂,1,,pseudo_drug_like
Drug::胰酶制剂,胰酶制剂,胰酶制剂,6,,pseudo_drug_like
Drug::芳香化酶抑制剂,芳香化酶抑制剂,芳香化酶抑制剂,1,,pseudo_drug_like
Drug::蛋白酶抑制剂,蛋白酶抑制剂,蛋白酶抑制剂,3,,pseudo_drug_like
Drug::血小板糖蛋白iibiiia拮抗剂,血小板糖蛋白IIb/IIIa拮抗剂,血小板糖蛋白IIb/IIIa拮抗剂,1,,pseudo_drug_like
Drug::血小板聚集抑制剂,血小板聚集抑制剂,血小板聚集抑制剂,3,,pseudo_drug_like
Drug::血栓素合成酶抑制剂,血栓素合成酶抑制剂,血栓素合成酶抑制剂,1,,pseudo_drug_like
Drug::血管紧张素ii受体拮抗剂,血管紧张素II受体拮抗剂,ARB|血管紧张素II受体拮抗剂,1,,pseudo_drug_like
Drug::血管紧张素ⅱ受体拮抗剂,血管紧张素Ⅱ受体拮抗剂,血管紧张素Ⅱ受体拮抗剂,2,,pseudo_drug_like
Drug::血管紧张素转化酶抑制剂,血管紧张素转化酶抑制剂,ACEI|血管紧张素转化酶抑制剂,2,,pseudo_drug_like
Drug::血管紧张素转换酶抑制剂,血管紧张素转换酶抑制剂,ACEI|血管紧张素转换酶(ACE)抑制剂|血管紧张素转换酶抑制剂,6,,pseudo_drug_like
Drug::质子泵抑制剂,质子泵抑制剂,PPI|质子泵抑制剂,7,,pseudo_drug_like
Drug::贯叶金丝桃制剂,贯叶金丝桃制剂,贯叶金丝桃制剂,1,,pseudo_drug_like
Drug::选择性5羟色胺再摄取抑制剂,选择性5-羟色胺再摄取抑制剂,选择性5-羟色胺再摄取抑制剂,2,,pseudo_drug_like
Drug::选择性5羟色胺去甲肾上腺素再摄取抑制剂,选择性5-羟色胺去甲肾上腺素再摄取抑制剂,选择性5-羟色胺去甲肾上腺素再摄取抑制剂,1,,pseudo_drug_like
Drug::选择性5羟色胺重摄取抑制剂,选择性5-羟色胺重摄取抑制剂,选择性5-羟色胺重摄取抑制剂,1,,pseudo_drug_like
Drug::选择性β受体拮抗剂,选择性β受体拮抗剂,选择性β受体拮抗剂,1,,pseudo_drug_like
Drug::酪氨酸激酶抑制剂,酪氨酸激酶抑制剂,TKI|酪氨酸激酶抑制剂,2,,pseudo_drug_like
Drug::酶制剂,酶制剂,酶制剂,2,,pseudo_drug_like
Drug::醛固酮拮抗剂,醛固酮拮抗剂,醛固酮拮抗剂|醛固酮的拮抗剂,1,,pseudo_drug_like
Drug::金制剂,金制剂,金制剂,4,,pseudo_drug_like
Drug::钙制剂,钙制剂,钙制剂,3,,pseudo_drug_like
Drug::钙拮抗剂,钙拮抗剂,钙拮抗剂,5,,pseudo_drug_like
Drug::钙离子拮抗剂,钙离子拮抗剂,钙离子拮抗剂,4,,pseudo_drug_like
Drug::钙离子通道拮抗剂,钙离子通道拮抗剂,钙离子通道拮抗剂,1,,pseudo_drug_like
Drug::钙调磷酸酶抑制剂,钙调磷酸酶抑制剂,钙调磷酸酶抑制剂,1,,pseudo_drug_like
Drug::钙通道阻滞剂,钙通道阻滞剂,钙通道阻滞剂,2,,pseudo_drug_like
Drug::铁制剂,铁制剂,铁制剂,21,,pseudo_drug_like
Drug::铋制剂,铋制剂,其他铋制剂|铋制剂,3,,pseudo_drug_like
Drug::铝制剂,铝制剂,铝制剂,4,,pseudo_drug_like
Drug::银杏制剂,银杏制剂,银杏制剂,2,,pseudo_drug_like
Drug::银杏叶制剂,银杏叶制剂,银杏叶制剂,6,,pseudo_drug_like
Drug::锂制剂,锂制剂,锂制剂,7,,pseudo_drug_like
Drug::锂盐制剂,锂盐制剂,锂盐制剂,1,,pseudo_drug_like
Drug::镁制剂,镁制剂,镁制剂,3,,pseudo_drug_like
Drug::长效β2受体激动剂,长效β2受体激动剂,LABAs|长效β2受体激动剂,1,,pseudo_drug_like
Drug::长效硝酸酯制剂,长效硝酸酯制剂,长效硝酸酯制剂,1,,pseudo_drug_like
Drug::阿片制剂,阿片制剂,阿片制剂,2,,pseudo_drug_like
Drug::非二氢吡啶类钙拮抗剂,非二氢吡啶类钙拮抗剂,非二氢吡啶类钙拮抗剂,1,,pseudo_drug_like
Drug::非选择性单胺氧化酶抑制剂,非选择性单胺氧化酶抑制剂,非选择性单胺氧化酶抑制剂,2,,pseudo_drug_like
Drug::颠茄制剂,颠茄制剂,颠茄制剂,2,,pseudo_drug_like
Drug::鸦片制剂,鸦片制剂,鸦片制剂,1,,pseudo_drug_like
Drug::麻黄制剂,麻黄制剂,麻黄制剂,1,,pseudo_drug_like
